<?xml version="1.0" encoding="UTF-8"?>
<project-private xmlns="http://www.netbeans.org/ns/project-private/1">
    <editor-bookmarks xmlns="http://www.netbeans.org/ns/editor-bookmarks/2" lastBookmarkId="0"/>
    <open-files xmlns="http://www.netbeans.org/ns/projectui-open-files/2">
        <group>
            <file>file:/Users/dongtianrui/NetBeansProjects/LabSession7/src/ui/MainFrame.java</file>
            <file>file:/Users/dongtianrui/NetBeansProjects/LabSession7/src/ui/ViewPanel.java</file>
            <file>file:/Users/dongtianrui/NetBeansProjects/LabSession7/src/util/DatabaseConnector.java</file>
            <file>file:/Users/dongtianrui/NetBeansProjects/LabSession7/src/ui/FormPanel.java</file>
            <file>file:/Users/dongtianrui/NetBeansProjects/LabSession7/src/model/User.java</file>
        </group>
    </open-files>
</project-private>
